Fox's Den,50.754774,15.040019
Kočka U Veterinární Kliniky,50.752851,15.035483
Matka a dítě,50.751162,15.034033
Ořechovka,50.755511,15.032786
Dětské Hřiště,50.752492,15.044778
R.I.P Janovský,50.759994,15.045376
Památník - Zrcadlo,50.767885,15.066813
Lokomotiva Liberec,50.768506,15.0642
Věčná něha,50.766662,15.054505
Stereo Cafe Grafitti,50.768287,15.054555
Villa Goltze,50.767952,15.064762
Fügnerova Terminál Liberec,50.765553,15.057468
Koule,50.768513,15.060562
Dinopark,50.768645,15.060078
Klášterní kostel Božího srdce Páně,50.768714,15.066384
Business Centrum,50.770759,15.06028
Snídaně obrů,50.770955,15.059441
Technická univerzita v Liberci - Budova F,50.772583,15.075304
Manželské objetí,50.770845,15.066218
Poliklinika,50.774243,15.06753
Lázně,50.773861,15.067845
Technická univerzita v Liberci - Budova B,50.77291,15.073183
Albert,50.760743,15.052734
Surikata na Motorce,50.759518,15.058119
Graffiti Peace And Nature,50.759069,15.044842
Posta,50.762814,15.036825
Hotel Imperial,50.764031,15.050321
U Kozla,50.763595,15.038948
Ukazatel,50.762304,15.048459
Šavlovna,50.770681,15.053565
Liberec - Lidove Sady,50.777402,15.081372
Fontána u Zoo,50.776437,15.077658
Army Shop,50.775874,15.053996
Fontána u botanické zahrady,50.77847,15.07486
Albert Tower,50.77485,15.062222
Kostel Mari Magdaleny,50.768034,15.047623
Památka průkopníkům socialismu,50.770908,15.050464
Technická univerzita v Liberci - Budova L,50.774167,15.076395
10,50.782001,15.057119
Hriste u Hokejky,50.785731,15.06031
Památník Velocypedisty,50.785224,15.075951
Puzzle Statue,50.783651,15.061623
Trafika,50.784754,15.051917
Umění v Lidových Sadech,50.777981,15.082147
Bunker,50.793609,15.074737
Popraskaný Obličej,50.758614,15.051462
Playground Letka,50.775543,15.040782
Mojžíš,50.771454,15.050019
Colosseum - socha,50.780863,15.049486
Dětské hřiště,50.780641,15.047558
Spící žena,50.779983,15.056911
Horni kasarna,50.781499,15.070168
Dětské Hřiště Veřejné,50.78527,15.069879
Plačící Žena,50.773875,15.082797
Propast,50.772313,15.084063
Moderní umění,50.770832,15.086539
Socha v areálu harcovských kolejí,50.770455,15.087957
Autíčko,50.761712,15.092353
ISO Help,50.761474,15.087023
Kulecnik U Hrocha,50.770184,15.089898
Vysina Liberec,50.778264,15.091871
Náměstí Pod Branou,50.760349,15.065427
Lady on the Wall,50.765856,15.072757
Lesni Kocka,50.772316,15.025137
Letiště Liberec,50.773099,15.020662
Globus Liberec Hlavní Vchod,50.777469,15.030325
Větrný Mlýn Berzdorf,50.777138,15.017135
Památka ČSSR,50.765821,15.070244
Vyhlídka na přehradu,50.768004,15.073448
Multifunkční venkovní aréna,50.764407,15.081172
Meteostation Králův Háj,50.764883,15.080539
Zelené Srdce Liberce,50.768662,15.081273
Playground U Michacky,50.771896,15.089886
Harcovsky Kostel,50.766801,15.099075
Ceska Chalupa,50.786256,15.111268
CHKO Jizerky,50.778406,15.113917
Dětské hřiště - Luční,50.77426,15.048445
Luna,50.761519,15.095547
Mašinka,50.760872,15.097386
Tank Killer,50.778516,15.033442
LNS harcov 2/11,50.760935,15.118777
LNS harcov 5/11,50.763419,15.117582
Hrazení bystřiny Jizerský potok,50.786873,15.085256
Kateřinsko - Radčické koupaliště,50.802894,15.068322
Lípa v ulici Ke Sluji,50.804179,15.060156
Ruprechtický Lesík,50.787568,15.058211
Truchlici Zena S Detmi,50.788744,15.061383
Stadion Plocha Draha,50.783616,15.043375
Project Rochlice,50.751197,15.067779
Velká Beruška,50.749031,15.070829
Pískoviště Seifertova,50.750524,15.066337
Mozaika,50.754458,15.066211
Mašinka Dětského Hřiště,50.753186,15.060196
Bubbles,50.753901,15.05971
Dum Marta-1994,50.752628,15.079676
Lípa s křížem,50.755485,15.076188
Dřevěný Kříž,50.746593,15.063769
Pamatník padlým hrdinům,50.737741,15.062456
Česká Pošta Vesec,50.738108,15.063863
Naučná stezka Vesec II,50.740199,15.071294
Discgolfové hřiště 1,50.726073,15.068062
Ski Jumper Monument,50.738033,15.011896
Tramvaj Bovera Club,50.739947,15.017008
Kostel sv. Boniface,50.741677,15.020932
Jasan v ul. Jestedska,50.746842,15.027718
Stanice Lanovky Horni Hanychov,50.735431,15.00076
Totem V Parku,50.746311,15.090794
Vratislavice - požární zbrojnice,50.745056,15.089784
Kulturní dům Desítka,50.743636,15.09281
Vratislavice Kostel,50.742835,15.092199
Kriz nad parkem,50.746383,15.094647
Medvědi v Civilizaci,50.745481,15.096516
Severočeské Pivovary,50.751002,15.086057
Vratislavice Railway St.,50.740271,15.093559
Hravé Putování Lesem - Hádanky,50.75566,14.995009
Hravé Putování Lesem - Řetězec,50.75286,14.995104
Dětské hřiště Smeťák,50.759954,15.035609
Colosseum - Hřiště,50.780448,15.04874
Austrian Fortified Stand,50.753656,15.006072
Chiméra,50.7774,15.079436
Informační Centrum,50.772996,15.074263
Svijany Aréna,50.753763,15.048499
Kostel Nalezení svatého Kříže,50.771043,15.052681
Bazén Liberec,50.774172,15.062282
Technické muzeum Liberec,50.773784,15.066368
The Cube,50.77362,15.067109
Park Přemyslova,50.780213,15.064368
Hlava s křídly,50.771129,15.06148
Restaurace Nisa,50.76729,15.055258
Vodopád U Velkého Liberce,50.759267,15.042479
Graffiti Sporťák,50.774046,15.066505
Mašina,50.7738,15.066213
Informační tabule města Liberec,50.774854,15.062458
Ševčíkova,50.757496,15.070526
Venkovní bowling/kuželky,50.760198,15.076045
Dětské Hřiště Soukenická,50.759144,15.07159
Správa CHKO Jizerské Hory,50.764704,15.052984
Graffiti U Viaduktu,50.76619,15.044208
Sloup Brány Husitská,50.75754,15.035365
Rabten Klidový Park,50.755145,15.027828
Holubi Dum 1911,50.779562,15.072686
Městský Stadion,50.75376,15.047513
Vratislavice - cukrárna Kafíčko,50.740829,15.095887
Venkovní posilovna Horská,50.765355,15.064922
Graffiti,50.766262,15.065674
Graffiti Wall,50.765176,15.064197
Graffiti Wall Oblacna II,50.765003,15.064724
Liberec - Historicka Budova 1896,50.765728,15.062387
Liberec historická budova 1912,50.765797,15.061249
Jednota Bratrská,50.765805,15.064002
Božena Němcová,50.766124,15.062191
Dětské Hřiště,50.765435,15.064503
Graffiti Oblacno,50.765282,15.063656
Textilana Liberec,50.764925,15.067832
Koupaliště Vápenka,50.755241,15.039701
Rozcestník Křižíkova,50.75571,15.036899
Sídliště Gagarinova - Dětský Park,50.7505,15.040264
INRI - U Křížku,50.752437,15.039408
Dite S Husou,50.753682,15.038716
Kostel Svatého Jana Nepomuckého,50.754504,15.029202
Krizek na Kubelikove Tride,50.755739,15.029105
Nádraží Horní Růžodol,50.753342,15.03255
Viadukt Horní Růžodol,50.753158,15.038135
Wooden World,50.751999,15.045441
Myší Díra,50.75405,15.051351
Sport Park Liberec,50.753046,15.051056
Elita národa,50.754673,15.052473
Graffiti Poseidon,50.758805,15.04511
Staré Pekárny,50.75749,15.042983
Velvyslanectvi Litvy,50.760812,15.051518
Letadlo,50.760116,15.052949
Socha Vodnář,50.759425,15.038239
Letní terasa U Vodníka,50.756484,15.041766
Palác Koruna,50.767249,15.057898
Zena S Vetvi,50.767461,15.062308
Steak House,50.764913,15.056158
Básník Radnóti,50.767761,15.065287
Baťa World Art,50.767019,15.056593
Hospic Svate Zdislavy,50.763774,15.057068
Hanibal - Horolezecka Arena,50.763507,15.062026
Lbc Graffiti Pneu,50.763854,15.063706
Létající Těla,50.765643,15.056054
Historická budova 1886,50.767118,15.060175
modernizace tramvajové tratě,50.764835,15.05891
Plzeňka,50.768626,15.058163
Římskokatolická Farnost - Perštýn,50.764018,15.060472
Sculpture U Liebigovy Vily,50.767626,15.067527
Sochy pod střechou,50.764689,15.057326
Staré Stavidlo,50.763754,15.06426
Technická univerzita v Liberci - budova P,50.768427,15.063475
Tři Tváře,50.767893,15.05699
Tři Koule,50.765064,15.060692
Fara,50.766404,15.062011
Andilci,50.767351,15.063357
Fontána,50.765773,15.053659
Strom Hrdina / Tree Hero,50.76483,15.054294
Irish Pub - IRSKA,50.768468,15.055135
Dům Kultury,50.765406,15.053906
Krajský Úřad Liberec,50.763286,15.05353
Bílá hlava,50.76859,15.053543
Chicago Bar & Grill,50.764924,15.058253
Technická Inspekce,50.767927,15.051356
Info Board,50.766873,15.055848
Vokno,50.766686,15.053202
Mír Národům Celého Světa,50.77024,15.06105
Cikánský dum,50.76574,15.059644
Naivní divadlo,50.767686,15.057954
Eva,50.769884,15.065021
Liebiegova Vila,50.767657,15.067823
Neptunova kašna,50.769224,15.057966
Galerie,50.767068,15.06148
Obelisk by Liberec Gallery,50.767832,15.06073
Dvanáct měsíců,50.768444,15.062116
Edisonova Lampa,50.769231,15.058808
Erb,50.769972,15.055639
Josefínino Údolí,50.767247,15.068057
Klaster Socha,50.768381,15.067809
Kočky 2010,50.769639,15.059361
Lezecká stěna Šutr 1890,50.766993,15.052697
Liduška,50.769293,15.060568
Heliport in Hospital,50.770056,15.064029
Nemocnice Šmírák,50.769572,15.065757
Tvář Nad Dveřmi,50.770313,15.060338
Palác Centrum,50.765997,15.05307
Česká Inspekce Životního Prostředí,50.76507,15.051271
CSOB Bank,50.765906,15.052697
RP Club,50.770193,15.061893
Výuka Bible,50.767649,15.051312
Vodotrysky,50.769659,15.059771
Zlatý Lev,50.768585,15.061235
Bitva U Liberce,50.771336,15.061499
Černý Kůň,50.77128,15.060976
Domovní Znamení V Klostermannově I.,50.772377,15.066593
Historická Budova - ING,50.772612,15.069083
Katastr vchod,50.77184,15.059794
Liberec Post Office,50.770312,15.059335
Prehrada Vez,50.768614,15.070982
Mapa areálu Technické univerzity v Liberci,50.772605,15.071632
Venkovní posilovna nad přehradou,50.770762,15.072599
Venkovní posilovna u přehrady,50.771629,15.07486
Vzorový Dům Pro Výstavu 1906,50.770177,15.06972
MUDr. Václav Šamánek,50.772657,15.063474
Šaldovo Divadlo,50.770347,15.058682
Hlava TGM u Muzea,50.774581,15.069149
Pizzeria Franko,50.770916,15.068144
Ruským Armádám,50.77178,15.059205
Nemocnice Okraj,50.770813,15.064621
Tržní náměstí,50.773926,15.061435
Graffiti Ruce,50.773353,15.067732
Kapka U Plavečáku,50.773967,15.062275
Průmyslová Škola,50.773128,15.064744
Rumjancevova 25,50.773057,15.061342
Technická univerzita v Liberci - Budova A,50.772827,15.071564
Liberecký veřejný technopark,50.773611,15.06597
Šmoula Graffiti,50.759906,15.044792
iQ LANDIA,50.760912,15.052621
Babylonský Lev,50.760326,15.052501
Dětské hřiště Gagarinova,50.749954,15.037572
Graffiti u nádraží 1,50.761592,15.047485
Zdobená Historie,50.762073,15.053834
Lunapark Babylon,50.759639,15.051768
Budova Minuleho Stoleti,50.766279,15.059789
Likrem,50.761833,15.057275
Informacni system mesta Liberec,50.763376,15.048901
Jinan,50.764545,15.048055
Kolumbárium u krematoria,50.76232,15.056096
Autobusové nádraží Liberec,50.763279,15.047878
Posilovna V Parku,50.761821,15.052916
Sošky na okně,50.764783,15.04969
Tučňáci,50.757925,15.060006
Erbal Ano 1898,50.762471,15.046625
Viadukt Liberec,50.764903,15.043513
Zeus u Dveří,50.764601,15.049116
Zena V Modrem,50.763804,15.047865
Pomníček U Kostela,50.770973,15.053208
4 sochy na balkone,50.767683,15.053635
Zelený poklad s obličeji,50.767508,15.056859
Čtyři fialové sochy,50.770598,15.055417
Statue near Gallery Liberec,50.767334,15.06157
Socha s věncem,50.775007,15.070616
Botanická Zahrada,50.778108,15.073164
Sloni,50.776692,15.079979
Ptačí Mnich,50.777376,15.080193
New Zoo,50.778119,15.080887
Strossova Vila,50.772498,15.07683
Skleníky Botanická Zahrada,50.778768,15.074766
Parky Lidové Sady II,50.777661,15.070318
Maškarní,50.777465,15.079768
Labyrint,50.776796,15.071529
Květina,50.775626,15.06923
Parky Lidové Sady,50.777221,15.071725
Menza Technické univerzity v Liberci,50.772974,15.075182
Obrovské Buřty,50.770851,15.051593
Dům dětí a mládeže,50.776499,15.079817
Malé Divadlo,50.77317,15.051941
Sluneční dům,50.776526,15.068496
Old House,50.771155,15.048824
Cukrárna Sladká Tečka,50.775999,15.074044
Dusty Elephant,50.776698,15.076309
Former SS Command Center,50.772943,15.079184
Hlava Zeny,50.767319,15.055518
Horolezecka stena Jakub,50.778326,15.065043
Kasarny Liberec,50.776288,15.065837
Krásná Tul,50.773472,15.075323
Lipa v UL. Riegrova,50.77603,15.078099
Old Watchtower,50.772598,15.077954
Pamatník bojovníku a obětem,50.775763,15.066047
Parky Lidové Sady II,50.776637,15.074102
Playground Broken Ship,50.778154,15.06665
Rybářská Bašta,50.776461,15.075135
Klasy,50.781526,15.061844
Staré Ruské Kolo,50.778638,15.082225
Meteorologicka budka,50.7778,15.081421
Hřiště U Cvicaku,50.786528,15.056641
Lesni Divadlo,50.780648,15.082615
Reliéf Nad Okny,50.77354,15.062379
Dve Panny,50.772163,15.064224
Jezdec Na Lvu,50.771555,15.063115
Dělníci - Plastika,50.768967,15.056931
Liberec - Technicka Pamatka Lokomotiva 1882,50.759331,15.046953
Zdobene Pruceli,50.77416,15.044541
Hospoda U Namornika,50.774067,15.044067
Dětský Koutek Bez Dozoru,50.776309,15.040109
Korouhvička,50.774978,15.041905
Panenka Marie - Liberec,50.780809,15.048571
Liberec Infoboard,50.77972,15.047461
Graffiti Slovan,50.778867,15.049804
Graffiti Robot s kytkou,50.780066,15.046828
Graffiti Kotel,50.776802,15.05057
Restaurace Kamenný dům,50.779302,15.054149
Rudé střapce,50.77871,15.054176
Jedličkův Ustav,50.776855,15.055826
Dva Andělé,50.776069,15.055867
U dvou čápů,50.775361,15.05459
Hřbitov padlých soch,50.775962,15.061549
Žena s holubicí,50.774677,15.060184
Židovský Hřbitov,50.78027,15.063359
Okrasný reliéf,50.779791,15.062971
Ptačí Zastavka,50.786274,15.073198
Ježíš Na Kříži,50.787074,15.074185
Auticka,50.789795,15.067351
Vezicka,50.789637,15.067894
Sukovo Náměstí,50.776393,15.071352
Vysmátec,50.779516,15.079022
Snake face,50.778546,15.077997
Zoo - Flamingo Bay,50.779339,15.078364
Levhart,50.778621,15.078875
Map Of Zoo,50.778007,15.078359
Kašpárek,50.777972,15.076813
Protáhlý obličej,50.777985,15.076049
Moai,50.777286,15.075095
Rada Starsich,50.779762,15.082706
Liberec - Smernik,50.779674,15.084283
Dvě Opice,50.778434,15.082348
Horolezecká Věž,50.775861,15.080323
Labutě,50.777021,15.076892
Liberecký Tenisový Klub,50.775228,15.075913
Solná Jeskyně,50.772808,15.080372
Umělecká Kovařina,50.774008,15.084426
Pták Nad Dveřmi,50.774943,15.069179
Úřad Regionální Rady,50.774351,15.069067
Mušlí Žena,50.773134,15.068517
Domovní Znamení V Klostermannově II.,50.772568,15.066441
Vila Karla Herziga,50.77108,15.067735
Nemocnice - Skulptura Patologie,50.770469,15.066924
Tomovy parky,50.770351,15.065368
Dítě Porodnice,50.770861,15.065619
Borovice Vítězná,50.775356,15.066796
Strom Svobody 1999,50.77546,15.065483
Street Workout,50.77896,15.064909
Sluneční hodiny,50.777749,15.067329
Soví reliéf,50.778008,15.06817
Sedmikráska,50.774562,15.057963
Geoprint,50.77446,15.056478
Ruprechtická plastika,50.773372,15.055604
F.X.Šalda,50.772378,15.054091
Lion,50.772636,15.052965
Graffiti,50.772923,15.051
Lev,50.773187,15.051038
Gotham Graffiti,50.772956,15.050569
Zelený obličej,50.772162,15.048473
Sungarden,50.773943,15.04793
Detske Hriste,50.769664,15.045461
Církevní Kostel,50.769627,15.048042
Galerie Trabura,50.77036,15.051292
ACS Harcov,50.770142,15.086098
TUL Building M,50.770947,15.087398
Bicykel,50.767017,15.089091
Brána,50.781435,15.056348
Grafity Vlak,50.770965,15.085226
Klub Vlak,50.770567,15.084758
Industriální Hřiště,50.768862,15.082321
Jobstudent,50.770105,15.086618
Restaurace u Vachy,50.771283,15.086899
Playground Had Club,50.77015,15.088664
Modernizace Tramvajové Tratě v Úseku Klicperova-U Lomu,50.762322,15.075547
Ornamenty,50.768538,15.057241
Buddha Statue,50.767198,15.050687
Preciosa,50.767023,15.048812
Zeus,50.766236,15.051439
Zapomenuta Tvar,50.765523,15.049556
Venkovni Posilovna Za Humny,50.765183,15.048207
Opičák,50.77276,15.026009
Bitva U Liberce Rekonstrukce,50.767664,15.025665
Lesík U Letiště,50.773061,15.02488
Nebeske Rybnicky,50.771865,15.024277
Stromovy Duch,50.771358,15.024906
Kamenná Skupinka,50.775618,15.029145
Bauhaus,50.776702,15.024642
Zlaté Návrší,50.778003,15.025249
Nastrojarna Resl Mural,50.77677,15.01812
Zajatecký Tábor,50.771425,15.014035
1914 - 1918,50.774105,15.00745
Hier ruhen in Frieden,50.768859,15.009807
Poničená Střelnice,50.763053,15.055993
Budova Doby Minulé,50.768106,15.052107
Dětské hřiště v parku Budyšínská,50.774752,15.060927
Stone Statue in the Yard,50.765434,15.073642
Socha v parčíku,50.764078,15.075816
Dětské pískoviště,50.76355,15.075664
Socha na Králáku,50.766065,15.076674
posezeni v lesoparku,50.767326,15.075848
Smiley,50.769149,15.077319
Hřiště na přehradě,50.770288,15.072464
Dětské hřiště nad přehradou,50.771055,15.07252
Info Board Prehrada,50.769692,15.071612
Krakonoš restaurace,50.767186,15.082594
Flags,50.771283,15.085502
Horolezecká Stěna,50.771326,15.086591
Letajici Sekacka,50.768788,15.08562
Zelené Srdce Liberce Vstup Od Pritoku,50.770153,15.082657
Bily Mlyn,50.770371,15.083684
Sportovní Areál Harcov,50.769692,15.092228
Lanové centrum Harcov,50.77076,15.092058
Playground2 Kunraticka,50.764458,15.092592
Louka,50.76586,15.089542
Girl On Wall,50.76858,15.090235
Kuchař,50.760705,15.089257
Statue Franklinova,50.764192,15.085563
Starožitný motocykl,50.761643,15.088399
Lady of Stone,50.764088,15.08382
Hřiště Pohoda,50.763895,15.081762
Plastika U Lomu,50.763835,15.079117
Playground Kunratická,50.762185,15.092904
Kunratice Pískoviště,50.761658,15.090907
Růže,50.784233,15.060897
Sluneční Hodiny,50.781633,15.062039
Street Art Cheese,50.78159,15.056613
Lyžařská Stezka,50.776309,15.094546
Liebiegova Lesní vila,50.776421,15.091108
Lesni vila - Vila Heinricha Liebiega,50.775621,15.090923
Lbc Vysina Smernik,50.772531,15.093102
Jírovec Madal,50.773871,15.087452
Lípa,50.774127,15.085415
Old Radio Station,50.774215,15.084569
Jezis na skale,50.782053,15.112345
Pamatnik I.ww v Rudolfove,50.787024,15.110503
Strážní Buk,50.782688,15.095454
Ježíš Na Kříži - Harcov Kostel,50.7676,15.098123
CHKO Jizerske hory,50.769138,15.102727
Kdo Bydli V Korunach,50.763279,15.036071
Sportovni Areal LBC,50.764068,15.035523
82 Vůní,50.770214,15.054743
Lví hlava,50.770661,15.057465
Dům Historický,50.770669,15.055114
Anděl 16,50.772403,15.060473
Památník války,50.768821,15.069716
Staje,50.779171,15.041279
Pošta Kunratická,50.76125,15.095974
Taurus,50.78169,15.036477
Skrytý Památník,50.76242,15.065945
Posezení u vodárny Liberec,50.780448,15.087837
Lbc socha ve výklenku,50.762279,15.064402
INRI u dálnice,50.777618,15.034803
Jezdecký Klub,50.778517,15.039995
Autíčko Kunratická,50.760315,15.097456
Krizek S Kaplickou 1806,50.763148,15.107513
LNS Harcov 3/11,50.762722,15.120645
Lns Harcov 1/11,50.76003,15.117932
LNS harcov 6/11,50.767182,15.123187
Vendelínův Hlídací Vodník,50.760755,15.112206
Pomnik Kaja Oulehla,50.773851,15.1144
Inri Rudolfov,50.787713,15.112633
Rudolfov - Misto Kde Zijeme,50.785737,15.114949
Mesni Kamen,50.781368,15.115088
Holubuv Kriz,50.789409,15.103661
Skautska Studánka,50.784307,15.094726
Sněžná,50.780149,15.100846
Lesní Koupaliště,50.786075,15.082208
Vodarna Liberec,50.782293,15.085937
Střelnice Ruprechtice,50.793625,15.078616
Křížová cesta I. zastavení,50.793712,15.072522
Křížová cesta III. zastavení,50.793963,15.072944
Kostel U Obrázku,50.794581,15.074498
Křížová cesta XIV. zastavení,50.794958,15.075263
Kríž U obrázku,50.794847,15.075877
Krizova cesta XI Zastavení,50.794791,15.07418
Osídlení Kateřinek - 1945,50.79975,15.072951
Krizek V Karerinkach,50.802194,15.073701
Obnovení Pastvy Ovcí,50.803249,15.07368
Lípa V Ulici V Rokli,50.803473,15.06009
Kříž Buková,50.79871,15.060928
Křížek,50.788215,15.065262
Římskokatolický kostel sv. Antonína z Padovy,50.788604,15.064905
Kamenné Listy,50.787591,15.063842
Ruprechticky Lesik Info 2,50.787803,15.060299
Erbaut Von Josef Pilz,50.788964,15.061791
Spartakiáda  Václav Plechatý 1975,50.786241,15.057181
Tri Hroby Tri Krize,50.789933,15.090091
Children Playground,50.785347,15.043497
Kaple V Selské Ulici,50.78349,15.036479
Strážní Věž,50.789552,15.042879
Big Stone Head,50.750171,15.061902
Cerna Vdova,50.747932,15.063122
Plakátovací plocha Na Rudě,50.755799,15.079936
Playground Dobiasovka,50.751086,15.063983
Rochlice - Railway Station,50.74713,15.061843
Skulptury u Penny,50.750785,15.062013
Pískoviště Halasova,50.750691,15.067603
Detske hriste U Sila,50.753898,15.076998
Skupina 4 lip Duhova ul.,50.754777,15.072569
Industrial Statue,50.751453,15.066042
Čtverec,50.750709,15.069864
Pluh Transpan,50.749054,15.053722
Rochlice Kaplicka,50.744251,15.06148
Svatý ve Vesci,50.739468,15.060707
Rodinka,50.738541,15.064552
Rada dětí a Mládeže,50.74015,15.065322
Old Playground,50.740947,15.067322
Zapomenutý Kříž,50.741348,15.06918
Kříž u cesty-Vesec,50.737043,15.074523
Lípa Srdčitá,50.737818,15.081851
Luční Potok,50.732148,15.078576
Sportovní areál Vesec,50.729375,15.069508
INRI 1938,50.730368,15.071299
Kaplička,50.730649,15.058784
Motorbike Memorial,50.729134,15.051546
Přírodní Park Ještěd,50.735935,15.012309
Spodní stanice lanovky Skalka,50.736151,15.013403
Přírodní park Ještěd,50.73735,15.012013
Cyklotrasa Odra,50.740961,15.020586
Sokol Hanychov,50.743105,15.023248
Leonardo D.V.,50.745265,15.028092
Old Post,50.747513,15.027686
Křížek,50.743611,15.032567
Lanovky a sjezdovky Ještěd,50.736086,15.001689
Dvorakuv Kriz,50.740981,14.996045
Info Tabule,50.736292,14.98877
OC Nisa,50.74195,15.04758
Playground Za Humny,50.738044,15.05524
Single Mast Pyramida,50.745731,15.090938
Cedule - Lesopark,50.745705,15.090345
Lesopark Zámecký Vrch,50.745276,15.091071
Vratislavická pošta,50.743938,15.090541
Zámecká Konírna,50.743691,15.090836
Vratislavice - Lesní Muž,50.744482,15.092359
Hlava Lva,50.744367,15.092061
Vratislavice - Památník Městys,50.742791,15.093574
Baechvolejballove hriste,50.744024,15.094627
Vratislavice - Matka s dítětem,50.744897,15.097073
Lesopark Vratislavice nad Nisou,50.747009,15.093451
Strom č.14,50.746694,15.093658
Keltská Stezka - Strom 20,50.747302,15.092981
Keltska Stezka - Strom č.19,50.747299,15.091054
Zelvi Lavicka,50.74717,15.091723
Labyrint V Parku,50.746531,15.091372
Keltska stezka - strom c. 23,50.746936,15.090809
Hřiště V Parku,50.746212,15.092922
Keltská Stezka - Strom č.11,50.746299,15.093351
Keltská Stezka - Strom č.13,50.746798,15.092668
Hřbitov Vratislavice,50.748961,15.0933
Kaplička,50.749497,15.093218
Pivovar Konrád,50.752145,15.088113
U Prasete,50.739061,15.091758
Playground Vratislavice,50.738237,15.090185
Cyklo Ferda S Hlavou,50.740231,15.095021
Cistirna Odpadnich Vod,50.741499,15.096262
Kiosek na koupališťi Sluníčko,50.745889,15.101757
Koupaliště Sluníčko,50.745231,15.101272
Hravé Putování Lesem - Trojice,50.754141,14.995085
Hravé Putování Lesem - Vstup,50.752289,14.995876
Iron horses,50.744108,15.091301
VOČA park,50.766909,15.062789
venkovní posilovna Jáchymovská,50.761596,15.03101
Pošta 28. října,50.755531,15.042657
playground Jáchymovská,50.76226,15.031168
Vstup Na Fénickou Stezku - Mapa Hřebene,50.752804,15.006968
Park Jiřiny a Milana Uherkových,50.780257,15.06405
Triceratops,50.769051,15.059777
Kameny zmizelých - rodina Bendova,50.778752,15.068134
Kameny zmizelých - rodina Fischl,50.778921,15.067783
Dětské hřiště Rychtářská,50.782739,15.062755
Vzpomínkové kameny,50.78419,15.063178
Dětské hřiště Pavlovice,50.783695,15.055729
Klouzačka u Milána,50.780555,15.052452
Outdoor Workout,50.779758,15.055979
Palác Adria,50.76703,15.059302
Jizerská 50,50.763413,15.053242
Tenisové kurty,50.754635,15.064369
Dětské hřiště,50.752799,15.061241
Dětské Hřiště Haškova,50.749627,15.071164
Wilhelm Porshe památní tabule,50.749118,15.06276
Průmyslový pavilon,50.774418,15.064688
Létající kočka,50.771812,15.06363
Podpůrné sochy,50.769464,15.057332
Freska 1905,50.771677,15.069777
Sloní kly,50.773946,15.068616
INRI - křížek u cesty,50.759411,15.097435
Dětské hřiště Kunratická,50.761497,15.094065
Staré pískoviště,50.761414,15.093237
Sportovní centrum Kunratická,50.760736,15.091078
Minihřiště Kunratická,50.760996,15.092715
Zvýšení bezpečnosti v Liberci,50.761957,15.090598
Playground Zoo Structures,50.773959,15.068407
Nesmíme zapomenout,50.771345,15.058063
Valdštýnské domky,50.770885,15.054408
Sochy na historickém domě,50.774425,15.069722
Kameny zmizelých - rodina Ledererova,50.777324,15.068956
Kameny zmizelých - rodina Perlmann,50.779112,15.070789
Skokanský můstek v Liberci,50.773928,15.07301
První Svátek Práce,50.776687,15.079194
Dětské hřiště na sídlišti Kunratická,50.76205,15.092842
Ryba,50.782599,15.05464
Dětské hřiště u doktora,50.761589,15.094836
Nemocnice - Kámen,50.769852,15.066153
Nemocnice Interna Liberec,50.769859,15.066058
Vodní Nádrž Harcov,50.768704,15.069887
Alej Lip Malolistych,50.776119,15.075326
Park Fibichova,50.77508,15.077019
Technická univerzita v Liberci - budova H,50.772126,15.06115
Česká pošta,50.76092,15.047578
Vlakové Nádraží Liberec,50.761732,15.046882
Historický Lékařský Dům,50.775185,15.067788
Zoo 1320,50.773899,15.068966
Parky Lidové Sady,50.777572,15.067585
Slunce,50.77465,15.066041
Vojenské lazarety v Liberci,50.768397,15.061602
Liberecký zámek,50.768271,15.060504
Luke Skywalker,50.768945,15.059527
Vědecká Knihovna,50.771624,15.058752
Kostel Sv. Antonína,50.769798,15.056291
Model molekuly,50.760904,15.053189
Syner Tower,50.764137,15.055549
Magistrát Liberec,50.769866,15.05779
Dům u zeleného stromu,50.76627,15.057861
Dětské hřiště Dlážděná,50.743858,15.098581
Antik Restaurant,50.75789,15.050089
Basketbalové hřiště,50.773616,15.029579
Centrum Vlasty Buriana,50.768955,15.052806
Patriots,50.750083,15.045691
Rochlice-kostel,50.749277,15.062687
Památné místo bitvy u Liberce,50.759703,15.039817
Ke stému výročí vzniku Republiky,50.744366,15.025319
Revitalizace území,50.775081,15.077011
Venkovní dřevěná posilovna,50.774892,15.077091
Čtyři sochy,50.773976,15.065369
Dceřina hrušeň,50.776006,15.066516
Dívka z roku 1905,50.772799,15.068789
Květinová váza,50.772472,15.070537
Paví reliéf,50.772247,15.069748
Zdobená fasáda,50.772785,15.062715
Zdobený dům,50.773099,15.069214
Zdobná věž,50.772627,15.070157
Anděl strážný,50.775864,15.073241
Andělíček,50.773543,15.073713
Andělíček,50.77187,15.061885
Babka s dědkem,50.773695,15.060179
Hlava čertíka,50.775879,15.075597
Hlava lva,50.771882,15.067767
Hlava na domě,50.771078,15.068981
Hodiny,50.772922,15.072885
Květinová fontána,50.771909,15.072944
Květinové věnce,50.774895,15.071004
Květiny,50.771731,15.070696
Lví portál,50.77486,15.068406
Masaryk,50.773596,15.061009
Medúzy,50.7762,15.067973
Okrasné okno,50.775781,15.069538
Ozdobné plastiky,50.77518,15.071025
Pilíře ve tvaru sovy,50.775356,15.073066
Vstupní portál,50.775065,15.06483
Zdobená okna,50.775356,15.071611
Zdobná freska,50.772257,15.071445
Žíla,50.771935,15.058054
Trabant U Nádraží,50.764326,15.047179
Lékárna U Orla,50.766958,15.054812
Okenní reliéfy,50.767514,15.054288
Murder graffiti,50.765117,15.062552
Rekonstrukce TT Rumunská-Šaldovo nam.,50.766646,15.058251
Signatáři Charty 77 Liberec,50.764263,15.051406
Japonský altán,50.765846,15.068233
Dětské hřiště Sametová,50.759192,15.073549
Fotbalové hřiště,50.760744,15.076994
Dětské minihřiště s klouzačkou,50.760452,15.070728
Hřiště SNP,50.764089,15.072762
Venkovni posilovna,50.762164,15.071213
Cvičiště pro psy Broumovská,50.757943,15.07187
Dětské hřiště,50.76104,15.066095
Maska válečníka,50.765039,15.061946
Červená kočička,50.761521,15.053393
Venkovní posilovna Sametová,50.75958,15.073511
Dětské pískoviště,50.759442,15.072378
Květina,50.760034,15.069712
Skluzavka Vlnařská,50.761686,15.072163
Arboretum Jablonecká,50.75956,15.076382
Lom s vodní plochou,50.760711,15.078957
Erb,50.774848,15.068114
The Bear in Garden of Memories,50.775561,15.0609
Ruce,50.75219,15.049283
Rozbitý kolotoč,50.754151,15.066974
Altán v parku,50.759841,15.032238
Andělíčci se štítem,50.776164,15.068821
Andělský štít,50.773955,15.054757
Aztécká hlava,50.759035,15.050613
Beachvolejbalové hřiště,50.769944,15.071793
Bílé sochy mužů na portálu,50.769512,15.061626
Buddha,50.769391,15.051083
Decanté,50.771405,15.040083
Dekorativní pilíře,50.776091,15.059624
Dětské dopravní hřiště,50.77679,15.05373
Dětské hřiště,50.765837,15.045538
Dětské hřiště,50.77055,15.042787
Dětské hřiště Domažlická,50.758346,15.034456
Dětské hřiště Franklinova,50.764736,15.084699
Dětské hřiště Ječná,50.76366,15.08435
Dětské hřiště u mlékáren,50.776795,15.046826
Dítko s květinami,50.771952,15.079387
Dům seniorů,50.758762,15.034041
Erb na domě,50.75875,15.042918
Erbaut 1923-1924,50.76453,15.044984
Graffiti jazyk,50.766872,15.071149
Grafiti Prehrada,50.76848,15.069329
Hlava dítěte,50.770456,15.067962
Kameny Zmizelých - rodina Goltz,50.768189,15.064555
Klášterní ornamenty,50.76845,15.066729
Kotva,50.769351,15.070646
Minihřiště Vojanova,50.760528,15.03828
Operka Na Kameni,50.769533,15.066413
Ornament dívky,50.769934,15.067304
Ornamenty,50.774371,15.057016
Ozdobné kvítí,50.772696,15.059072
Pečeť s postavičkou,50.76386,15.055005
Slunce,50.76973,15.067059
Stračena,50.77127,15.064016
Svatý obrázek,50.770198,15.07066
Škeble,50.774925,15.057873
Labutí květina,50.77397,15.053082
Kamenný obličej,50.766641,15.05149
Kamenný muž,50.767596,15.052105
Rozvoj ITS v Liberci - Zavedení silniční meteorologie,50.753045,15.070247
Chlapci na stráži,50.765786,15.058342
Lev a vázy,50.762543,15.047864
Ozdobné závěsy,50.765853,15.066516
Hřiště mezi obchody,50.776497,15.023175
Váza,50.773557,15.042605
Erb,50.770328,15.049122
Kameny Zmizelých - rodina Fischler,50.767234,15.050031
Věnec,50.770805,15.052402
Dětské hřiště u Wolkeráku,50.775927,15.0859
Hmyzí hotel,50.777542,15.076911
Jelen,50.775263,15.081613
Kameny zmizelých - rodina Königstein,50.773777,15.078692
Kameny zmizelých - rodina Steiner,50.772973,15.079596
Květinové rohy,50.774791,15.081133
Netopýr na zdi,50.760642,15.070908
Plastika chlapce,50.759711,15.053469
Stadión FC Slovan Liberec,50.776447,15.049641
Dětské hřiště - Lomená,50.765952,15.079391
Dětské hřiště Vojtěšská,50.765141,15.075964
Dvě dívky,50.763332,15.054581
Detske hriste Horni kopecna,50.756389,15.065907
Kameny zmizelých - rodina Rosenbach,50.77372,15.079153
Lesní chaloupka,50.766136,15.082381
Pouliční umění,50.772584,15.076236
Rohy s vínem,50.773335,15.090235
Tenisové kurty,50.772249,15.08844
Most pro pěší Kunratická,50.754823,15.095622
Štít,50.762379,15.054066
Minigolfové hřiště,50.760552,15.091063
Dívčí hlava,50.776591,15.080359
Dívčí strážce,50.776715,15.069468
Ekopark u cyklostezky,50.774757,15.046661
Fotbalové hřiště Umělka,50.777552,15.051719
Fotbalový stadion,50.772464,15.036801
Garden of Memories,50.775621,15.060882
Historický zdobný dům,50.767853,15.060079
Houpačka pod zvonicí,50.766926,15.099631
Hřiště U Mlékárny,50.775482,15.045368
Ještěd poskládaný z kamínků,50.77175,15.049036
Kamenná socha,50.753643,15.045264
Kamenné lístky,50.771396,15.058983
Kamenné seskupení,50.767642,15.062716
Kamenné ženy,50.768478,15.058877
Kameny Zmizelých - Františka Pokorná,50.776539,15.057519
Kaplička,50.756368,15.081885
Kino Varšava,50.770786,15.056755
Kovový Kůň,50.75467,15.077429
Krásné barokní panny,50.756637,15.061037
Květiny,50.777035,15.07354
Labutí reliéf,50.775966,15.070071
Letopočet,50.770961,15.049488
Liliovník v ulici U Soudu,50.77017,15.049647
Lípa v ulici Novorudská,50.763727,15.099737
logo Dukla Liberec,50.753566,15.043821
Minihřiště s posezením,50.760455,15.098768
Modernizace TT,50.753741,15.078894
Mozaika Azyl,50.769527,15.050403
Multifunkční hřiště,50.777394,15.070408
Novoapoštolská Církev,50.755108,15.060477
Obelisk,50.77015,15.053332
Okenní reliéfy,50.771767,15.063165
Ozdobný pás,50.776574,15.067166
Památník obětem 1. světové války,50.772517,15.027517
Panenka Maria,50.775864,15.076864
Park Masarykova,50.773611,15.070578
Pískoviště u parku,50.775557,15.059598
Pivař,50.762633,15.098541
Playground Sněhurčina,50.763567,15.097235
Postavy z mozaiky,50.771606,15.055371
Průčelí s hvězdou,50.754644,15.039614
Pytloun Playground,50.755355,15.030707
Rolník ve dveřích,50.765734,15.050055
Rostlina,50.770921,15.062322
Secesní křídla a zobák,50.756715,15.059407
Servis hadic Hydromat obrostlý břečťanem,50.756809,15.058627
Skatepark Liberec,50.767837,15.049213
Slon pro štěstí,50.767724,15.027732
Strom života,50.776668,15.072897
Střežící hlavička,50.776951,15.061617
Štít s korunkou,50.766649,15.057328
Těla,50.775163,15.040523
Tenisové kurty Nisa,50.775434,15.04655
TJ Starý Harcov Liberec,50.765713,15.098323
Trojúhelníkový štít,50.776911,15.070144
Věneček,50.770251,15.069061
Zdobená fasáda,50.770634,15.062958
Zdobné průčelí,50.772376,15.047542
Zlověstné tváře,50.772261,15.047322
Brána do Lesoparku Nové Vratislavice,50.750737,15.076376
Dětské hřiště,50.75001,15.034447
Dětské hřiště,50.749567,15.066865
Dětské pískoviště,50.749877,15.034852
Home Credit Arena,50.751977,15.050507
Hřiště s umělou trávou,50.751746,15.045519
INRI Harcov,50.76488,15.104959
Kamenný Stonehenge Gym,50.752551,15.075102
Mapa - Vratislavice n/N,50.749423,15.091825
Mozaikový sloup,50.752372,15.043227
Památný strom,50.75176,15.034625
Pošta Dobiášova,50.752177,15.070642
Projekt: Revitalizace Rochlice,50.751885,15.069361
Pyramida  dětské hřiště,50.752231,15.058488
Revitalizace,50.750065,15.063768
Automobilka R. A. F. Liaz Ostašov,50.762665,15.017479
Kostel sv. Vojtěcha,50.764663,15.009725
Ostašov a příroda,50.761037,15.007881
Sedmiletá válka,50.759114,15.009001
Střet Jízdních Vojsk,50.763728,15.009111
Budova tance,50.745784,15.03286
Dětské hřiště Ampérova,50.738058,15.02682
dětské hřiště náměstí na lukách Shakintoneva,50.746581,15.058722
Dětské hřiště ve Vesci,50.737609,15.064629
Domeček pro děti se skluzavkou,50.741992,15.052266
Fotbalové hřiště ve Vesci,50.737643,15.065999
Grafitti hrocha s pivem,50.743561,15.059015
Historická Vodárna č.4,50.729912,15.025009
Hřiště,50.742587,15.022499
INRI Dukelská,50.747187,15.059409
koník na péru,50.73307,15.055687
Kouloid,50.744644,15.084643
Kovboj  freska,50.731792,15.05858
Kříž u tří lip,50.748921,15.062943
Les a lesní prameniště,50.730278,15.081994
Litorál,50.730951,15.081166
Mokřadní Louky,50.730155,15.083768
NS Ještědské vápence 10,50.730087,15.022534
Ozdobné kování,50.734324,15.069454
Potoční Niva informační tabule,50.734207,15.076191
small PlayGround,50.73427,15.066286
Socha Myslitel,50.748131,15.019525
Tenisové kurty,50.738401,15.070385
FC Doubí,50.73737,15.060631
Svaty U Cesty,50.743433,15.078964
Skleněný vodopád,50.74179,15.048395
Detske hriste Cihlarska,50.745903,15.060944
Projekt Revitalizace Rochlice,50.748411,15.072799
Vesec-railway station,50.743445,15.081245
Věž,50.741448,15.016362
Zvýšení bezpečnosti dopravy v Liberci,50.748743,15.018823
5. Naucna stezka Mojzisuv pramen,50.721877,15.08673
7. odhoziště discgolf Vesec,50.728626,15.068098
Beuysovy klavíry,50.743189,15.091327
Byliny a dřeviny,50.725063,15.090544
Císařská Alej,50.720885,15.065471
Císařská Alej Začátek,50.724574,15.060651
Health center Vratislavice,50.74335,15.09008
Houpačky a orlí totem,50.743442,15.097981
Křížek u Mojžíšáku,50.731663,15.097665
Naučná Stezka Mojžíšův Pramen,50.724897,15.098787
Naučná stezka Pilínkov,50.727112,15.035667
Nisa park Vratislavice,50.740964,15.097101
Nově zrekonstruovaný most přes řeku Nisu,50.741594,15.089847
pexeso,50.725467,15.066695
Playground Pilínkov,50.725522,15.042054
Pomník sv. Marie,50.728043,15.037973
Rašelinné louky,50.729011,15.086449
Socha sv. Václava Tyršův vrch,50.735975,15.096203
Soví dům,50.740867,15.099145
SportAreal Vesec,50.725848,15.066642
Stara studna,50.742735,15.096411
Tenisové kurty a hřiště,50.72005,15.05883
TK Sportovní areál - Na Rozcestí,50.739549,15.08914
Velbloudi,50.742276,15.096446
Zauhlovací Věž,50.742978,15.086298
Dětské hřiště,50.738919,15.090065
15° poledník u Ještědu,50.74099,15.000069
Cedule Prirodni Pamatka,50.733594,14.988273
Cerveny kamen,50.730671,14.972826
Horska chata Jestedka,50.730329,14.986728
Info tabule Vyprez - Tetrevi sedlo,50.743107,14.978591
Jestedsky Hreben - Vyprez,50.744114,14.978403
Ještěd,50.732469,14.984526
Kriz Na Jestedu,50.732785,14.985025
Lbc CHKO Terasy Jestedu,50.731922,14.988563
Mapa Ještěd,50.727895,14.992573
mlynarska stezka jested,50.730308,15.002641
Mohyla letců,50.73346,14.976201
Nad Výpřeží (890m.n.m) - Rozcestník KČT,50.736226,14.98218
Naucna stezka Padaky,50.734043,14.994841
NS - Ještědský Paradox,50.732521,14.994155
NS - Lesy Přírodě Blízké,50.731531,14.991647
NS - Reliéf Jizerskýh Hor,50.731868,14.993818
NS - Zázračné Prameny Ještědu,50.732231,14.991429
Pivovarska stezka Jested,50.728961,14.995923
Skokanské Mustky,50.734071,14.996639
Stezka Terasy Jested,50.731085,14.988447
Terasy Ještědu,50.731049,14.984879
Top Of Jested,50.732877,14.984251
Turistický altánek nad Výpřeží,50.736428,14.982233
Kamenná vrata,50.737494,14.976256
U červeného Kamene,50.731465,14.974095
Dítě z Marsu 2003,50.732652,14.98396
Vrcholové sutě a skály,50.73141,14.984511
Cykloturistická mapa okolí - Šimonovice,50.718977,15.055812
Dětské Hřiště Minkovice,50.718791,15.05663
Dravci A Stromy,50.725005,15.014455
INRI Dlouhý Most,50.716439,15.064965
Ježíš bez popisu,50.715198,15.070935
Kaple v Minkovicích,50.718989,15.054649
Kostel sv. Vavřince,50.713691,15.073681
Kříž Šimonovice,50.717789,15.056179
Květnaté bučiny,50.723513,15.016492
Nad Hlubokou,50.716648,15.018611
Nový Prales - Les A Zvěř,50.714225,15.009961
Pamatnik zesnulym,50.713819,15.073329
Panský Iom,50.724002,15.015229
Pomník Franze von Panze,50.71717,15.064281
Prejezd Simonovice - Prirodni park Jested,50.71293,15.05362
Projekt Novy Prales,50.715897,15.009257
Přírodní památka Nad Lomem,50.723447,15.014116
Svatý,50.713621,15.07412
Černá Hora - Sedlo,50.756012,14.974497
Hravé Putování Lesem - Hnízda,50.756879,14.985102
Hravé putování lesem - Motýli,50.757371,14.990228
Hravé Putování Lesem - Pexeso,50.75657,14.983454
Kurty TJ Sokol Ostašov,50.761734,15.004687
Památný strom u vodníka,50.759456,15.003047
Přírodní park Ještěd,50.753942,14.997107
Vrstevnicová,50.767056,14.975603
Boží muka,50.785102,15.035331
Dětské hřiště Letná,50.785596,15.048962
Dětské hřiště Pulpánova,50.782583,15.046046
Dětské hřiště u Rapidu,50.783735,15.040278
Dětské pískoviště,50.783258,15.047378
Fotbalové hřiště,50.787323,15.027697
Hamrštejn,50.786401,14.970808
Hornická naučná stezka 6,50.787099,14.976431
Informační mapa Liberce,50.779009,15.039264
Infotabule Zlatý kopec,50.786404,15.021316
Kaplička 1895 u památných stromů,50.781572,15.036807
Lípa v ulici Selská,50.784584,15.035876
Pódium u Kolosea,50.780219,15.048085
Posilování rukou,50.779287,15.049916
Přírodní park Ještěd,50.771854,14.995367
Přírodní Rezervace,50.787397,14.971134
River Bridge,50.782657,15.02859
Rozvoj cyklistické dopravy,50.778963,15.038801
Rudné hornictví na Liberecku,50.773491,14.97727
Sanatorium Machnín,50.784078,14.972368
Staré pískoviště,50.780693,15.043017
Nádraží Machnín,50.7876,14.984648
Stráž Nad Nisou A Okolí,50.783231,15.021495
Infoboard Golf Y,50.786865,15.014572
Voda a Lesy ČR,50.774032,14.976704
Zapomenutý pomník,50.78319,15.039312
Zvýšení bezpečnosti dopravy,50.785492,15.035365
Info tabule Stráž nad Nisou,50.790288,15.025449
Informační tabule - Stráž nad Nisou,50.792901,15.038676
INRI - Kříž u cesty,50.793175,15.03801
Jantsch,50.793099,15.023906
Nádraží Krásná Studánka,50.801359,15.037973
Nádraží Stráž nN,50.788708,15.025648
Řopík 249,50.799408,14.985049
Bunkr K2 65 A140,50.804239,15.006378
Kaplička Bedřichovka,50.80011,14.994001
Familie KochKoch,50.794166,14.990206
INRI,50.793737,14.990247
Pamatny strom,50.798614,14.98549
Česká POŠTA,50.789628,14.991854
Jízdy na koních,50.788163,14.997721
Kaple,50.79329,15.024543
Podstavec kříže,50.788876,14.994608
Pomnik,50.790398,15.024575
Pošta Stráž nad Nisou,50.790416,15.024273
Přírodní Park Ještěd,50.788709,14.979743
Řopík,50.80306,14.99241
Schillerův Dub,50.793753,15.027663
starodávná kaplička,50.801196,15.051053
Stráž nad Nisou,50.791571,15.025572
Stráž Nad Nisou,50.798092,15.023263
TJ Jiskra Machnín,50.788312,14.98873
Hlava,50.793696,14.990758
Kacak,50.801852,15.03288
Cross Between Trees,50.803906,15.036712
Socha mezi topoly,50.795725,15.036294
Venkovní posilovna Stráž nad Nisou,50.789659,15.024128
Voskovcova - Dětské hřiště,50.789792,15.022069
Workout Hřiště,50.791368,15.031418
Zlomený Křížek,50.792944,15.017807
Clam-gallasovská Obora,50.807452,15.077352
Dětské hřiště,50.789998,15.0698
Dětské hřiště Ruprechtice,50.787862,15.063286
Dračí sluj,50.804832,15.059862
Fotbalové hřiště u Cvičáku,50.789939,15.061228
Hermann Löns,50.786754,15.094486
Hlídající pes,50.791947,15.067678
Hřiště na plážový volejbal,50.79159,15.069109
INRI - křížek u cesty,50.807544,15.033111
Křížek Martinské kameny,50.799541,15.083621
Lesní Školky Suchopýr,50.80918,15.083236
Milenecky Kriz,50.805347,15.047482
Mimi hřiště u Hokejky,50.785833,15.060914
Mlynaruv Kriz,50.79313,15.095186
Nástěnná malba ovoce a zeleniny,50.789354,15.067783
Panna Maria na rozcestí,50.808831,15.06452
Petrova kaplička,50.809188,15.059564
Polozili sve zivoty abychom zili v miru,50.789305,15.061659
Překážkové cvičiště pro psy,50.787596,15.05972
Radčice autobusová zastávka,50.805229,15.064156
Slunce na historické budově,50.790329,15.067031
Socha 1945,50.804704,15.035092
CHKO Jizerské hory,50.809002,15.036225
CHKO Jizerky,50.806642,15.036455
TJ Sokol Ruprechtice hřiště,50.791102,15.069745
Veřejné sportoviště,50.790211,15.069102
Veřejné sportoviště Cvičák,50.788137,15.061622
Zvýšení bezpečnosti v Liberci II,50.789517,15.067437
Dračí kámen,50.809539,15.077646
Infocedule Objekty Na Přivaděči,50.798772,15.126382
U Švédů,50.809568,15.083318
Vodni Zamek,50.793985,15.125568
Dětské hřiště v parku Uherkových,50.780345,15.064702
Dítko,50.781381,15.064299
Fauna jizerskeho potoka,50.783061,15.080549
Jizerský potok,50.781759,15.079588
Květinový koš,50.77903,15.063535
Lidové plastiky,50.782289,15.071131
Mohyla A. B. Svojsíka,50.786984,15.102872
Obojživelníci ČR,50.783962,15.081146
Ornament na domě,50.778812,15.064253
Tenisové kurty,50.782181,15.079624
Zdobné pilíře,50.779362,15.062615
Zvýšení bezpečnosti v Liberci,50.779698,15.06864
Mravenečník velký,50.777685,15.077538
Mraveniště,50.778907,15.079753
Moudrobudka,50.780022,15.071835
Křížek v Novém Harcově,50.761435,15.111011
Malý Cíp - U potůčku,50.770874,15.109859
Štíty F a S,50.777412,15.069286
Posilovna lesopark,50.747927,15.09119
  posilovna v parku”,50.747498,15.092052
Dětské hřiště,50.744196,15.090793
Ferdinand Porsche Birthplace,50.745246,15.086641
Hřiště v kleci,50.745141,15.09776
Jak se chovat v lese,50.747773,15.106955
Kamenný Kříž,50.736021,15.104358
Kaplička,50.736147,15.114411
Kriz Nad Trati,50.734541,15.103394
Křížek v Lukášově,50.756268,15.119157
Les prosí,50.742629,15.112996
Mini Park Vnitřní,50.744518,15.093872
Modernizace tramvajove trati,50.740776,15.10249
Mušle,50.745202,15.085693
Rytíř,50.741656,15.102067
Trail park,50.747614,15.090125
Hrbitov na Proseci,50.733241,15.12347
Kaplička Nový svět,50.724144,15.122929
Kříž Ježíše Krista,50.731783,15.112172
Kříž Ježíše Krista,50.7298,15.114925
Kříž u trati,50.729613,15.112405
4. Voda a les,50.716999,15.088046
LNS harcov 4/11,50.763133,15.121967
LNS harcov 7/11,50.768256,15.124301